file,number
file,1
file,2
file,3
file,4
file,5
file,6
file,7
file,8
file,9
file,10
file,11
file,12
file,13
file,14
file,15
file,16
file,17
file,18
file,19
file,20
file,21
file,22
file,23
file,24
file,25
file,26
file,27
file,28
file,29
file,30
file,31
file,32
file,33
file,34
file,35
file,36
file,37
file,38
file,39
file,40
file,41
file,42
file,43
file,44
file,45
file,46
file,47
file,48
file,49
file,50
file,51
file,52
file,53
file,54
file,55
file,56
file,57
file,58
file,59
file,60
file,61
file,62
file,63
file,64
file,65
file,66
file,67
file,68
file,69
file,70
file,71
file,72
file,73
file,74
file,75
file,76
file,77
file,78
file,79
file,80
file,81
file,82
file,83
file,84
file,85
file,86
file,87
file,88
file,89
file,90
file,91
file,92
file,93
file,94
file,95
file,96
file,97
file,98
file,99
file,100
file,101
file,102
file,103
file,104
file,105
file,106
file,107
file,108
file,109
file,110
file,111
file,112
file,113
file,114
file,115
file,116
file,117
file,118
file,119
file,120
file,121
file,122
file,123
file,124
file,125
file,126
file,127
file,128
file,129
file,130
file,131
file,132
file,133
file,134
file,135
file,136
file,137
file,138
file,139
file,140
file,141
file,142
file,143
file,144
file,145
file,146
file,147
file,148
file,149
file,150
file,151
file,152
file,153
file,154
file,155
file,156
file,157
file,158
file,159
file,160
file,161
file,162
file,163
file,164
file,165
file,166
file,167
file,168
file,169
file,170
file,171
file,172
file,173
file,174
file,175
file,176
file,177
file,178
file,179
file,180
file,181
file,182
file,183
file,184
file,185
file,186
file,187
file,188
file,189
file,190
file,191
file,192
file,193
file,194
file,195
file,196
file,197
file,198
file,199
file,200
file,201
file,202
file,203
file,204
file,205
file,206
file,207
file,208
file,209
file,210
file,211
file,212
file,213
file,214
file,215
file,216
file,217
file,218
file,219
file,220
file,221
file,222
file,223
file,224
file,225
file,226
file,227
file,228
file,229
file,230
file,231
file,232
file,233
file,234
file,235
file,236
file,237
file,238
file,239
file,240
file,241
file,242
file,243
file,244
file,245
file,246
file,247
file,248
file,249
file,250
file,251
file,252
file,253
file,254
file,255
file,256
file,257
file,258
file,259
file,260
file,261
file,262
file,263
file,264
file,265
file,266
file,267
file,268
file,269
file,270
file,271
file,272
file,273
file,274
file,275
file,276
file,277
file,278
file,279
file,280
file,281
file,282
file,283
file,284
file,285
file,286
file,287
file,288
file,289
file,290
file,291
file,292
file,293
file,294
file,295
file,296
file,297
file,298
file,299
file,300
file,301
file,302
file,303
file,304
file,305
file,306
file,307
file,308
file,309
file,310
file,311
file,312
file,313
file,314
file,315
file,316
file,317
file,318
file,319
file,320
file,321
file,322
file,323
file,324
file,325
file,326
file,327
file,328
file,329
file,330
file,331
file,332
file,333
file,334
file,335
file,336
file,337
file,338
file,339
file,340
file,341
file,342
file,343
file,344
file,345
file,346
file,347
file,348
file,349
file,350
file,351
file,352
file,353
file,354
file,355
file,356
file,357
file,358
file,359
file,360
file,361
file,362
file,363
file,364
file,365
file,366
file,367
file,368
file,369
file,370
file,371
file,372
file,373
file,374
file,375
file,376
file,377
file,378
file,379
file,380
file,381
file,382
file,383
file,384
file,385
file,386
file,387
file,388
file,389
file,390
file,391
file,392
file,393
file,394
file,395
file,396
file,397
file,398
file,399
file,400
file,401
file,402
file,403
file,404
file,405
file,406
file,407
file,408
file,409
file,410
file,411
file,412
file,413
file,414
file,415
file,416
file,417
file,418
file,419
file,420
file,421
file,422
file,423
file,424
file,425
file,426
file,427
file,428
file,429
file,430
file,431
file,432
file,433
file,434
file,435
file,436
file,437
file,438
file,439
file,440
file,441
file,442
file,443
file,444
file,445
file,446
file,447
file,448
file,449
file,450
file,451
file,452
file,453
file,454
file,455
file,456
file,457
file,458
file,459
file,460
file,461
file,462
file,463
file,464
file,465
file,466
file,467
file,468
file,469
file,470
file,471
file,472
file,473
file,474
file,475
file,476
file,477
file,478
file,479
file,480
file,481
file,482
file,483
file,484
file,485
file,486
file,487
file,488
file,489
file,490
file,491
file,492
file,493
file,494
file,495
file,496
file,497
file,498
file,499
file,500